{"cameraMode":{"drawMode":0,"name":"Shaded","section":"Shading Mode"},"sceneLighting":true,"audioPlay":false,"sceneViewState":{"showFog":true,"showMaterialUpdate":false,"showSkybox":true,"showFlares":true,"showImageEffects":true,"showParticleSystems":true},"in2DMode":false,"pivot":{"x":-6.27792501449585,"y":0.45380544662475588,"z":0.8957538604736328},"rotation":{"x":0.28257355093955996,"y":0.012958033010363579,"z":-0.003817434422671795,"w":0.9591505527496338},"size":19.09587860107422,"orthographic":false}